iter	RMSE
0	129.6372142
250	71.16707787
500	63.33720092
750	57.81677733
999	53.30792897
